{"pl_discmethod": {"Transit": 2951, "Radial Velocity": 676, "Microlensing": 64, "Imaging": 44, "Transit Timing Variations": 15, "Eclipse Timing Variations": 9, "Pulsar Timing": 6, "Orbital Brightness Modulation": 6, "Pulsation Timing Variations": 2, "Astrometry": 1}, "st_rad": {"count": 3513.0, "mean": 1.558909763734708, "std": 3.822604849738237, "min": 0.04, "25%": 0.8, "50%": 0.97, "75%": 1.24, "max": 71.23}, "st_mass": {"count": 3000.0, "mean": 1.0185033333333344, "std": 0.6764124761821512, "min": 0.02, "25%": 0.81, "50%": 0.97, "75%": 1.13, "max": 23.56}, "st_dist": {"count": 3458.0, "mean": 649.499551764026, "std": 766.9043566718155, "min": 1.29, "25%": 180.0, "50%": 549.5, "75%": 887.25, "max": 8500.0}}